{
  "openapi": "3.0.0",
  "info": {
    "version": "1.0.0",
    "title": "REDBUS API",
    "description": "Documentation of API used in redbus "
  },
  "servers": [
    {
      "url": "https://redbus-backend-api.herokuapp.com/"
    }
  ],
  "tags": [
    {
      "name": "Auth",
      "description": "Registration and login of users"
    },
    {
      "name": "Bus",
      "description": "Conitans APIs to create , update , delete and get buses"
    },
    {
      "name": "Trip",
      "description": "Conitans APIs to create , update , delete and get Trips"
    },
    {
      "name": "Booking",
      "description": "Conitans APIs to create , update , delete and get Bookings"
    },
    {
      "name": "User",
      "description": "Conitans APIs to get user details and  user bookings"
    }
  ],
  "paths": {
    "/": {
      "get": {
        "description": "",
        "parameters": [],
        "responses": {
          "200": {
            "description": "OK"
          }
        }
      }
    },
    "/api/auth/signup": {
      "post": {
        "tags": ["Auth"],
        "summary": "Returns token if registration is successful",
        "description": "",
        "parameters": [],
        "responses": {
          "200": {
            "description": "OK"
          },
          "201": {
            "description": "User registered successfully!"
          },
          "400": {
            "description": "Bad Request"
          },
          "403": {
            "description": "Forbidden"
          }
        },
        "requestBody": {
          "required": true,
          "content": {
            "application/json": {
              "schema": {
                "$ref": "#/components/schemas/RegisterUser"
              }
            }
          }
        }
      }
    },
    "/api/auth/signin": {
      "post": {
        "tags": ["Auth"],
        "summary": "Returns token for valid users",
        "description": "",
        "parameters": [],
        "responses": {
          "200": {
            "description": "Logged in successfully!!"
          },
          "400": {
            "description": "Bad Request"
          },
          "403": {
            "description": "wrong email/password entered"
          }
        },
        "requestBody": {
          "required": true,
          "content": {
            "application/json": {
              "schema": {
                "$ref": "#/components/schemas/LoginUser"
              }
            }
          }
        }
      }
    },
    "/api/bus/": {
      "post": {
        "tags": ["Bus"],
        "summary": "Returns message on successful registration",
        "description": "Creates a new Bus document based on given data",
        "parameters": [
          {
            "name": "Authorization",
            "in": "header",
            "description": "Token issued to the operator",
            "required": true,
            "schema": {
              "type": "string"
            }
          }
        ],
        "responses": {
          "200": {
            "description": "OK"
          },
          "201": {
            "description": "Bus created successfully!",
            "content": {
              "application/json": {
                "schema": {
                  "$ref": "#/components/schemas/BusTripBookingResponse"
                }
              },
              "application/xml": {
                "schema": {
                  "$ref": "#/components/schemas/BusTripBookingResponse"
                }
              }
            }
          },
          "400": {
            "description": "Invalid details entered, cannot create bus"
          },
          "403": {
            "description": "A bus with this registration number already exists"
          },
          "407": {
            "description": "Proxy Authentication Required"
          }
        },
        "requestBody": {
          "required": true,
          "content": {
            "application/json": {
              "schema": {
                "$ref": "#/components/schemas/RegisterBus"
              }
            }
          }
        }
      }
    },
    "/api/bus/all": {
      "get": {
        "tags": ["Bus"],
        "summary": "Returns all buses registered by operator",
        "description": "Returns all buses registered by operator only if the authorization token and bus id are valid",
        "parameters": [
          {
            "name": "Authorization",
            "in": "header",
            "description": "Token issued to the operator",
            "required": true,
            "schema": {
              "type": "string"
            }
          }
        ],
        "responses": {
          "200": {
            "description": "Returns all buses created by operator!",
            "content": {
              "application/json": {
                "schema": {
                  "$ref": "#/components/schemas/GetAllBusResponse"
                }
              },
              "application/xml": {
                "schema": {
                  "$ref": "#/components/schemas/GetAllBusResponse"
                }
              }
            }
          },
          "400": {
            "description": "Bad Request"
          },
          "403": {
            "description": "Forbidden"
          },
          "407": {
            "description": "Proxy Authentication Required"
          }
        }
      }
    },
    "/api/bus/{busId}": {
      "get": {
        "tags": ["Bus"],
        "summary": "Returns bus based on Bus ID ",
        "description": "Returns bus requested only if the authorization token and bus id are valid ",
        "parameters": [
          {
            "name": "busId",
            "in": "path",
            "required": true,
            "schema": {
              "type": "string"
            }
          },
          {
            "name": "Authorization",
            "in": "header",
            "description": "Token issued to the operator",
            "required": true,
            "schema": {
              "type": "string"
            }
          }
        ],
        "responses": {
          "200": {
            "description": "OK"
          },
          "403": {
            "description": "Forbidden"
          },
          "407": {
            "description": "Proxy Authentication Required"
          }
        }
      }
    },
    "/api/bus/{busId}/": {
      "put": {
        "tags": ["Bus"],
        "summary": "Returns message on successful update ",
        "description": "Updates the bus with new values only if the authorization token and bus id are valid ",
        "parameters": [
          {
            "name": "busId",
            "in": "path",
            "required": true,
            "schema": {
              "type": "string"
            }
          },
          {
            "name": "Authorization",
            "in": "header",
            "description": "Token issued to the operator",
            "required": true,
            "schema": {
              "type": "string"
            }
          }
        ],
        "responses": {
          "200": {
            "description": "Bus successfully updated",
            "content": {
              "application/json": {
                "schema": {
                  "$ref": "#/components/schemas/BusTripBookingResponse"
                }
              },
              "application/xml": {
                "schema": {
                  "$ref": "#/components/schemas/BusTripBookingResponse"
                }
              }
            }
          },
          "400": {
            "description": "Invalid details entered, cannot create bus"
          },
          "403": {
            "description": "Forbidden"
          },
          "407": {
            "description": "Proxy Authentication Required"
          }
        },
        "requestBody": {
          "required": true,
          "content": {
            "application/json": {
              "schema": {
                "$ref": "#/components/schemas/RegisterBus"
              }
            }
          }
        }
      },
      "delete": {
        "tags": ["Bus"],
        "summary": "Returns message on successful deletion ",
        "description": "Deletes the bus only if the authorization token and bus id are valid ",
        "parameters": [
          {
            "name": "busId",
            "in": "path",
            "required": true,
            "schema": {
              "type": "string"
            }
          },
          {
            "name": "Authorization",
            "in": "header",
            "description": "Token issued to the operator",
            "required": true,
            "schema": {
              "type": "string"
            }
          }
        ],
        "responses": {
          "200": {
            "description": "Bus successfully deleted",
            "content": {
              "application/json": {
                "schema": {
                  "$ref": "#/components/schemas/BusTripBookingResponse"
                }
              },
              "application/xml": {
                "schema": {
                  "$ref": "#/components/schemas/BusTripBookingResponse"
                }
              }
            }
          },
          "400": {
            "description": "Bad Request"
          },
          "403": {
            "description": "Forbidden"
          },
          "407": {
            "description": "Proxy Authentication Required"
          }
        }
      }
    },
    "/api/booking/{busId}/{tripId}": {
      "post": {
        "tags": ["Booking"],
        "summary": "Returns message on successful Booking",
        "description": "Books seat on bus for a particular trip",
        "parameters": [
          {
            "name": "busId",
            "in": "path",
            "required": true,
            "schema": {
              "type": "string"
            }
          },
          {
            "name": "tripId",
            "in": "path",
            "required": true,
            "schema": {
              "type": "string"
            }
          },
          {
            "name": "Authorization",
            "in": "header",
            "description": "Token issued to the customer",
            "required": true,
            "schema": {
              "type": "string"
            }
          }
        ],
        "responses": {
          "200": {
            "description": "OK"
          },
          "201": {
            "description": "Bus created successfully!",
            "content": {
              "application/json": {
                "schema": {
                  "$ref": "#/components/schemas/BusTripBookingResponse"
                }
              },
              "application/xml": {
                "schema": {
                  "$ref": "#/components/schemas/BusTripBookingResponse"
                }
              }
            }
          },
          "400": {
            "description": "Cannot book entered setas,please check availablity"
          },
          "403": {
            "description": "you cannot book since you are the creator"
          },
          "407": {
            "description": "Proxy Authentication Required"
          }
        },
        "requestBody": {
          "required": true,
          "content": {
            "application/json": {
              "schema": {
                "$ref": "#/components/schemas/CreateBooking"
              }
            }
          }
        }
      }
    },
    "/api/booking/cancel/{tripId}/{bookingId}": {
      "post": {
        "tags": ["Booking"],
        "summary": "Returns message on successful Cancellation of booked seat/s",
        "description": "Cancels booked seat/s on bus for a particular trip based on valid booking ID and Authorization",
        "parameters": [
          {
            "name": "tripId",
            "in": "path",
            "required": true,
            "schema": {
              "type": "string"
            }
          },
          {
            "name": "bookingId",
            "in": "path",
            "required": true,
            "schema": {
              "type": "string"
            }
          },
          {
            "name": "Authorization",
            "in": "header",
            "description": "Token issued to the customer",
            "required": true,
            "schema": {
              "type": "string"
            }
          }
        ],
        "responses": {
          "200": {
            "description": "Bus created successfully!",
            "content": {
              "application/json": {
                "schema": {
                  "$ref": "#/components/schemas/BusTripBookingResponse"
                }
              },
              "application/xml": {
                "schema": {
                  "$ref": "#/components/schemas/BusTripBookingResponse"
                }
              }
            }
          },
          "400": {
            "description": "Cannot cancel this trip as it has already ended"
          },
          "403": {
            "description": "Forbidden"
          },
          "407": {
            "description": "Proxy Authentication Required"
          }
        }
      }
    },
    "/api/booking/all": {
      "get": {
        "tags": ["Booking"],
        "summary": "Returns a list of bookings ",
        "description": "Returns a list of bookings based on Authorization token",
        "parameters": [
          {
            "name": "Authorization",
            "in": "header",
            "description": "Token issued to the customer",
            "required": true,
            "schema": {
              "type": "string"
            }
          }
        ],
        "responses": {
          "200": {
            "description": "Bus successfully updated",
            "content": {
              "application/json": {
                "schema": {
                  "$ref": "#/components/schemas/GetBookingListResponse"
                }
              },
              "application/xml": {
                "schema": {
                  "$ref": "#/components/schemas/GetBookingListResponse"
                }
              }
            }
          },
          "400": {
            "description": "Bad Request"
          },
          "403": {
            "description": "Forbidden"
          },
          "407": {
            "description": "Proxy Authentication Required"
          }
        }
      }
    },
    "/api/booking/{bookingId}": {
      "get": {
        "tags": ["Booking"],
        "summary": "Returns seat booked information based on booking ID",
        "description": "Returns seat booked information based on valid booking ID and Authorization",
        "parameters": [
          {
            "name": "bookingId",
            "in": "path",
            "required": true,
            "schema": {
              "type": "string"
            }
          },
          {
            "name": "Authorization",
            "in": "header",
            "description": "Token issued to the customer",
            "required": true,
            "schema": {
              "type": "string"
            }
          }
        ],
        "responses": {
          "200": {
            "description": "Returns requested bus based on id!",
            "content": {
              "application/json": {
                "schema": {
                  "$ref": "#/components/schemas/GetBookingResponse"
                }
              },
              "application/xml": {
                "schema": {
                  "$ref": "#/components/schemas/GetBookingResponse"
                }
              }
            }
          },
          "403": {
            "description": "Forbidden"
          },
          "407": {
            "description": "Proxy Authentication Required"
          }
        }
      },
      "delete": {
        "tags": ["Booking"],
        "summary": "Returns message on successful deletion",
        "description": "Deletes the Booking information only if the authorization token and Booking id are valid",
        "parameters": [
          {
            "name": "bookingId",
            "in": "path",
            "required": true,
            "schema": {
              "type": "string"
            }
          },
          {
            "name": "Authorization",
            "in": "header",
            "description": "Token issued to the customer",
            "required": true,
            "schema": {
              "type": "string"
            }
          }
        ],
        "responses": {
          "200": {
            "description": "Bus successfully updated",
            "content": {
              "application/json": {
                "schema": {
                  "$ref": "#/components/schemas/BusTripBookingResponse"
                }
              },
              "application/xml": {
                "schema": {
                  "$ref": "#/components/schemas/BusTripBookingResponse"
                }
              }
            }
          },
          "400": {
            "description": "Bad Request"
          },
          "403": {
            "description": "Forbidden"
          },
          "407": {
            "description": "Proxy Authentication Required"
          }
        }
      }
    },
    "/api/booking/{tripId}/{bookingId}": {
      "put": {
        "tags": ["Booking"],
        "summary": "Returns message on successful update ",
        "description": "Updates booked seats on bus for a particular trip based on valid booking ID and Authorization",
        "parameters": [
          {
            "name": "tripId",
            "in": "path",
            "required": true,
            "schema": {
              "type": "string"
            }
          },
          {
            "name": "bookingId",
            "in": "path",
            "required": true,
            "schema": {
              "type": "string"
            }
          },
          {
            "name": "Authorization",
            "in": "header",
            "description": "Token issued to the customer",
            "required": true,
            "schema": {
              "type": "string"
            }
          }
        ],
        "responses": {
          "200": {
            "description": "Bus successfully updated",
            "content": {
              "application/json": {
                "schema": {
                  "$ref": "#/components/schemas/BusTripBookingResponse"
                }
              },
              "application/xml": {
                "schema": {
                  "$ref": "#/components/schemas/BusTripBookingResponse"
                }
              }
            }
          },
          "400": {
            "description": "Cannot cancel this trip as it has already ended"
          },
          "403": {
            "description": "Forbidden"
          },
          "407": {
            "description": "Proxy Authentication Required"
          }
        },
        "requestBody": {
          "required": true,
          "content": {
            "application/json": {
              "schema": {
                "$ref": "#/components/schemas/CreateBooking"
              }
            }
          }
        }
      }
    },
    "/api/user/": {
      "get": {
        "tags": ["User"],
        "summary": "Returns a User ",
        "description": "Returns a User based on Authorization",
        "parameters": [
          {
            "name": "Authorization",
            "in": "header",
            "schema": {
              "type": "string"
            }
          }
        ],
        "responses": {
          "200": {
            "description": "Trip list based on query parameters",
            "content": {
              "application/json": {
                "schema": {
                  "$ref": "#/components/schemas/GetUserResponse"
                }
              },
              "application/xml": {
                "schema": {
                  "$ref": "#/components/schemas/GetUserResponse"
                }
              }
            }
          },
          "403": {
            "description": "Forbidden"
          },
          "404": {
            "description": "Not Found"
          },
          "407": {
            "description": "Proxy Authentication Required"
          }
        }
      }
    },
    "/api/user/bookings": {
      "get": {
        "tags": ["User"],
        "summary": "Returns a list of Bookings ",
        "description": "Returns a list of Bookings based on Authorization token",
        "parameters": [
          {
            "name": "Authorization",
            "in": "header",
            "schema": {
              "type": "string"
            }
          },
          {
            "name": "status",
            "in": "query",
            "schema": {
              "type": "string"
            }
          }
        ],
        "responses": {
          "200": {
            "description": "Trip list based on query parameters",
            "content": {
              "application/json": {
                "schema": {
                  "$ref": "#/components/schemas/GetBookingListResponse"
                }
              },
              "application/xml": {
                "schema": {
                  "$ref": "#/components/schemas/GetBookingListResponse"
                }
              }
            }
          },
          "400": {
            "description": "Bad Request"
          },
          "403": {
            "description": "Forbidden"
          },
          "407": {
            "description": "Proxy Authentication Required"
          }
        }
      }
    },
    "/api/trip/{busId}": {
      "post": {
        "tags": ["Trip"],
        "summary": "Returns message on successful trip creation",
        "description": "Creates a new Trip document based on given data",
        "parameters": [
          {
            "name": "busId",
            "in": "path",
            "required": true,
            "schema": {
              "type": "string"
            }
          },
          {
            "name": "Authorization",
            "in": "header",
            "description": "Token issued to the operator",
            "required": true,
            "schema": {
              "type": "string"
            }
          }
        ],
        "responses": {
          "200": {
            "description": "OK"
          },
          "201": {
            "description": "Trip created successfully!",
            "content": {
              "application/json": {
                "schema": {
                  "$ref": "#/components/schemas/BusTripBookingResponse"
                }
              },
              "application/xml": {
                "schema": {
                  "$ref": "#/components/schemas/BusTripBookingResponse"
                }
              }
            }
          },
          "400": {
            "description": "Dates overlap with existing trip dates"
          },
          "403": {
            "description": "Forbidden"
          },
          "407": {
            "description": "Proxy Authentication Required"
          }
        },
        "requestBody": {
          "required": true,
          "content": {
            "application/json": {
              "schema": {
                "$ref": "#/components/schemas/RegisterTrip"
              }
            }
          }
        }
      }
    },
    "/api/trip/all/operator": {
      "get": {
        "tags": ["Trip"],
        "summary": "Returns a list of Trips ",
        "description": "Returns a list of Trips created by operator",
        "parameters": [
          {
            "name": "Authorization",
            "in": "header",
            "description": "Token issued to the operator",
            "required": true,
            "schema": {
              "type": "string"
            }
          }
        ],
        "responses": {
          "200": {
            "description": "Trips created by operator",
            "content": {
              "application/json": {
                "schema": {
                  "$ref": "#/components/schemas/GetTripsListResponse"
                }
              },
              "application/xml": {
                "schema": {
                  "$ref": "#/components/schemas/GetTripsListResponse"
                }
              }
            }
          },
          "400": {
            "description": "Bad Request"
          },
          "403": {
            "description": "Forbidden"
          },
          "407": {
            "description": "Proxy Authentication Required"
          }
        }
      }
    },
    "/api/trip/all": {
      "get": {
        "tags": ["Trip"],
        "summary": "Returns a list of trip that matches the query",
        "description": "Returns a list of trip based on query parameters",
        "parameters": [
          {
            "name": "from",
            "in": "query",
            "description": "Pickup location of user",
            "required": true,
            "schema": {
              "type": "string"
            }
          },
          {
            "name": "to",
            "in": "query",
            "description": "Drop location of user",
            "required": true,
            "schema": {
              "type": "string"
            }
          },
          {
            "name": "onDate",
            "in": "query",
            "description": "Date of travel",
            "required": true,
            "schema": {
              "type": "string"
            }
          },
          {
            "name": "requireAc",
            "in": "query",
            "description": "Only buses with sleeper",
            "required": false,
            "schema": {
              "type": "string"
            }
          },
          {
            "name": "requireSleeper",
            "in": "query",
            "schema": {
              "type": "string"
            }
          }
        ],
        "responses": {
          "200": {
            "description": "Trip list based on query parameters",
            "content": {
              "application/json": {
                "schema": {
                  "$ref": "#/components/schemas/GetTripsListResponse"
                }
              },
              "application/xml": {
                "schema": {
                  "$ref": "#/components/schemas/GetTripsListResponse"
                }
              }
            }
          },
          "400": {
            "description": "Bad Request"
          }
        }
      }
    },
    "/api/trip/{tripId}": {
      "get": {
        "tags": ["Trip"],
        "summary": "Returns a Trip based on trip ID",
        "description": "Returns a Trip based on valid Trip ID and Authorization",
        "parameters": [
          {
            "name": "tripId",
            "in": "path",
            "required": true,
            "schema": {
              "type": "string"
            }
          },
          {
            "name": "Authorization",
            "in": "header",
            "description": "Token issued to the operator",
            "required": true,
            "schema": {
              "type": "string"
            }
          }
        ],
        "responses": {
          "200": {
            "description": "Trip object",
            "content": {
              "application/json": {
                "schema": {
                  "$ref": "#/components/schemas/GetTripResponse"
                }
              },
              "application/xml": {
                "schema": {
                  "$ref": "#/components/schemas/GetTripResponse"
                }
              }
            }
          },
          "400": {
            "description": "Bad Request"
          },
          "403": {
            "description": "Forbidden"
          },
          "407": {
            "description": "Proxy Authentication Required"
          }
        }
      }
    },
    "/api/trip/{busId}/{tripId}": {
      "put": {
        "tags": ["Trip"],
        "summary": "Returns message on successful update",
        "description": "Updates the Trip with new values only if the authorization token and Trip id are valid",
        "parameters": [
          {
            "name": "busId",
            "in": "path",
            "required": true,
            "schema": {
              "type": "string"
            }
          },
          {
            "name": "tripId",
            "in": "path",
            "required": true,
            "schema": {
              "type": "string"
            }
          },
          {
            "name": "Authorization",
            "in": "header",
            "description": "Token issued to the operator",
            "required": true,
            "schema": {
              "type": "string"
            }
          }
        ],
        "responses": {
          "200": {
            "description": "Trip updated successfully!",
            "content": {
              "application/json": {
                "schema": {
                  "$ref": "#/components/schemas/BusTripBookingResponse"
                }
              },
              "application/xml": {
                "schema": {
                  "$ref": "#/components/schemas/BusTripBookingResponse"
                }
              }
            }
          },
          "400": {
            "description": "Cannot cancel this trip as it has already ended"
          },
          "403": {
            "description": "Forbidden"
          },
          "407": {
            "description": "Proxy Authentication Required"
          }
        },
        "requestBody": {
          "required": true,
          "content": {
            "application/json": {
              "schema": {
                "$ref": "#/components/schemas/RegisterTrip"
              }
            }
          }
        }
      },
      "delete": {
        "tags": ["Trip"],
        "summary": "Returns message on successful deletion",
        "description": "Deletes the Trip only if the authorization token and Trip id are valid",
        "parameters": [
          {
            "name": "busId",
            "in": "path",
            "required": true,
            "schema": {
              "type": "string"
            }
          },
          {
            "name": "tripId",
            "in": "path",
            "required": true,
            "schema": {
              "type": "string"
            }
          },
          {
            "name": "Authorization",
            "in": "header",
            "description": "Token issued to the operator",
            "required": true,
            "schema": {
              "type": "string"
            }
          }
        ],
        "responses": {
          "200": {
            "description": "Trip deleted successfully!",
            "content": {
              "application/json": {
                "schema": {
                  "$ref": "#/components/schemas/BusTripBookingResponse"
                }
              },
              "application/xml": {
                "schema": {
                  "$ref": "#/components/schemas/BusTripBookingResponse"
                }
              }
            }
          },
          "400": {
            "description": "Cannot cancel this trip as it has already ended"
          },
          "403": {
            "description": "Forbidden"
          },
          "407": {
            "description": "Proxy Authentication Required"
          }
        }
      }
    },
    "/api/trip/status/{tripId}": {
      "get": {
        "tags": ["Trip"],
        "summary": "Returns status of a trip ",
        "description": "Returns a status of a trip based on trip ID ",
        "parameters": [
          {
            "name": "tripId",
            "in": "path",
            "required": true,
            "schema": {
              "type": "string"
            }
          }
        ],
        "responses": {
          "200": {
            "description": "Status of Trip",
            "content": {
              "application/json": {
                "schema": {
                  "$ref": "#/components/schemas/GetTripStatusResponse"
                }
              },
              "application/xml": {
                "schema": {
                  "$ref": "#/components/schemas/GetTripStatusResponse"
                }
              }
            }
          },
          "400": {
            "description": "Bad Request"
          }
        }
      }
    }
  },
  "components": {
    "schemas": {
      "RegisterUser": {
        "type": "object",
        "properties": {
          "firstName": {
            "type": "string",
            "example": "Harish"
          },
          "lastName": {
            "type": "string",
            "example": "Kumar"
          },
          "email": {
            "type": "string",
            "example": "hello.1@gamil.com"
          },
          "password": {
            "type": "string",
            "example": "Harish@07"
          },
          "type": {
            "type": "string",
            "example": "operator"
          }
        },
        "xml": {
          "name": "RegisterUser"
        }
      },
      "LoginUser": {
        "type": "object",
        "properties": {
          "email": {
            "type": "string",
            "example": "hello@gamil.com"
          },
          "password": {
            "type": "string",
            "example": "Harish@07"
          }
        },
        "xml": {
          "name": "LoginUser"
        }
      },
      "RegisterBus": {
        "type": "object",
        "properties": {
          "name": {
            "type": "string",
            "example": "ABC"
          },
          "totalSeats": {
            "type": "number",
            "example": 30
          },
          "registrationNumber": {
            "type": "string",
            "example": "TN20uU0021"
          },
          "isAc": {
            "type": "boolean",
            "example": true
          },
          "isSleeper": {
            "type": "boolean",
            "example": true
          }
        },
        "xml": {
          "name": "RegisterBus"
        }
      },
      "RegisterTrip": {
        "type": "object",
        "properties": {
          "totalSeats": {
            "type": "number",
            "example": 30
          },
          "bookedSeats": {
            "type": "number",
            "example": 0
          },
          "from": {
            "type": "string",
            "example": "coimbatore"
          },
          "to": {
            "type": "string",
            "example": "madurai"
          },
          "startDate": {
            "type": "string",
            "example": "2022-08-19T13:00:00.00Z"
          },
          "endDate": {
            "type": "string",
            "example": "2022-08-21T19:00:00.00Z"
          },
          "sleeperPrice": {
            "type": "number",
            "example": 1000
          },
          "seaterPrice": {
            "type": "number",
            "example": 0
          },
          "upperPrice": {
            "type": "number",
            "example": 900
          },
          "totalSleeper": {
            "type": "number",
            "example": 15
          },
          "totalSeater": {
            "type": "number",
            "example": 0
          },
          "totalUpper": {
            "type": "number",
            "example": 15
          }
        },
        "xml": {
          "name": "RegisterTrip"
        }
      },
      "CreateBooking": {
        "type": "object",
        "properties": {
          "noOfSeats": {
            "type": "number",
            "example": 2
          },
          "seatNo": {
            "type": "array",
            "example": ["upp.3", "upp.4"],
            "items": {
              "type": "string"
            }
          },
          "seatType": {
            "type": "string",
            "example": "upper"
          },
          "passangerNames": {
            "type": "array",
            "example": ["harish", "kumar"],
            "items": {
              "type": "string"
            }
          },
          "gender": {
            "type": "array",
            "example": ["male", "male"],
            "items": {
              "type": "string"
            }
          },
          "age": {
            "type": "array",
            "example": [20, 21],
            "items": {
              "type": "number"
            }
          }
        },
        "xml": {
          "name": "CreateBooking"
        }
      },
      "RegistartionLoginResponse": {
        "type": "object",
        "properties": {
          "message": {
            "type": "string",
            "example": "message"
          },
          "token": {
            "type": "string",
            "example": "Authorization token"
          }
        },
        "xml": {
          "name": "RegistartionLoginResponse"
        }
      },
      "BusTripBookingResponse": {
        "type": "object",
        "properties": {
          "message": {
            "type": "string",
            "example": "message for successful creatiion"
          },
          "id": {
            "type": "string",
            "example": "Object ID "
          }
        },
        "xml": {
          "name": "BusTripBookingResponse"
        }
      },
      "GetAllBusResponse": {
        "type": "object",
        "properties": {
          "buses": {
            "type": "array",
            "items": {
              "type": "object",
              "properties": {
                "_id": {
                  "type": "string",
                  "example": "62fdcfb1c63f685484f8d8ec"
                },
                "name": {
                  "type": "string",
                  "example": "ABC"
                },
                "operatorId": {
                  "type": "string",
                  "example": "62fdcf92c63f685484f8d8e8"
                },
                "totalSeats": {
                  "type": "number",
                  "example": 30
                },
                "registrationNumber": {
                  "type": "string",
                  "example": "TN20uU05021"
                },
                "isAc": {
                  "type": "boolean",
                  "example": true
                },
                "isSleeper": {
                  "type": "boolean",
                  "example": true
                },
                "__v": {
                  "type": "number",
                  "example": 0
                }
              }
            }
          }
        },
        "xml": {
          "name": "GetAllBusResponse"
        }
      },
      "GetBusResponse": {
        "type": "object",
        "properties": {
          "bus": {
            "type": "object",
            "properties": {
              "_id": {
                "type": "string",
                "example": "62fdef29cbb98146030332fc"
              },
              "name": {
                "type": "string",
                "example": "ABC"
              },
              "operatorId": {
                "type": "string",
                "example": "62fdcf92c63f685484f8d8e8"
              },
              "totalSeats": {
                "type": "number",
                "example": 30
              },
              "registrationNumber": {
                "type": "string",
                "example": "TN20uU0021"
              },
              "isAc": {
                "type": "boolean",
                "example": true
              },
              "isSleeper": {
                "type": "boolean",
                "example": true
              },
              "__v": {
                "type": "number",
                "example": 0
              }
            }
          }
        },
        "xml": {
          "name": "GetBusResponse"
        }
      },
      "GetTripResponse": {
        "type": "object",
        "properties": {
          "trip": {
            "type": "object",
            "properties": {
              "_id": {
                "type": "string",
                "example": "62fe0b57fa2cb3c0ab298115"
              },
              "busId": {
                "type": "string",
                "example": "62fdef29cbb98146030332fc"
              },
              "operatorId": {
                "type": "string",
                "example": "62fdcf92c63f685484f8d8e8"
              },
              "totalSeats": {
                "type": "number",
                "example": 30
              },
              "bookedSeats": {
                "type": "number",
                "example": 0
              },
              "from": {
                "type": "string",
                "example": "coimbatore"
              },
              "to": {
                "type": "string",
                "example": "madurai"
              },
              "startDate": {
                "type": "string",
                "example": "2022-08-23T13:00:00.000Z"
              },
              "endDate": {
                "type": "string",
                "example": "2022-08-24T19:00:00.000Z"
              },
              "isAc": {
                "type": "boolean",
                "example": true
              },
              "isSleeper": {
                "type": "boolean",
                "example": true
              },
              "sleeperPrice": {
                "type": "number",
                "example": 1000
              },
              "seaterPrice": {
                "type": "number",
                "example": 0
              },
              "upperPrice": {
                "type": "number",
                "example": 900
              },
              "totalSleeper": {
                "type": "number",
                "example": 15
              },
              "totalSeater": {
                "type": "number",
                "example": 0
              },
              "totalUpper": {
                "type": "number",
                "example": 15
              },
              "seat": {
                "type": "array",
                "items": {
                  "type": "object",
                  "properties": {
                    "seatNo": {
                      "type": "string",
                      "example": "sle.0"
                    },
                    "type": {
                      "type": "string",
                      "example": "sleeper"
                    },
                    "price": {
                      "type": "number",
                      "example": 1000
                    },
                    "isBooked": {
                      "type": "boolean",
                      "example": false
                    },
                    "_id": {
                      "type": "string",
                      "example": "62fe14a43628f8dd1abc4c9e"
                    }
                  }
                }
              }
            }
          }
        },
        "xml": {
          "name": "GetTripResponse"
        }
      },
      "GetTripsListResponse": {
        "type": "object",
        "properties": {
          "trips": {
            "type": "array",
            "items": {
              "type": "object",
              "properties": {
                "_id": {
                  "type": "string",
                  "example": "62fe0b57fa2cb3c0ab298115"
                },
                "busId": {
                  "type": "string",
                  "example": "62fdef29cbb98146030332fc"
                },
                "operatorId": {
                  "type": "string",
                  "example": "62fdcf92c63f685484f8d8e8"
                },
                "totalSeats": {
                  "type": "number",
                  "example": 30
                },
                "bookedSeats": {
                  "type": "number",
                  "example": 2
                },
                "from": {
                  "type": "string",
                  "example": "coimbatore"
                },
                "to": {
                  "type": "string",
                  "example": "madurai"
                },
                "startDate": {
                  "type": "string",
                  "example": "2022-08-23T13:00:00.000Z"
                },
                "endDate": {
                  "type": "string",
                  "example": "2022-08-24T19:00:00.000Z"
                },
                "isAc": {
                  "type": "boolean",
                  "example": true
                },
                "isSleeper": {
                  "type": "boolean",
                  "example": true
                },
                "sleeperPrice": {
                  "type": "number",
                  "example": 1000
                },
                "seaterPrice": {
                  "type": "number",
                  "example": 0
                },
                "upperPrice": {
                  "type": "number",
                  "example": 900
                },
                "totalSleeper": {
                  "type": "number",
                  "example": 15
                },
                "totalSeater": {
                  "type": "number",
                  "example": 0
                },
                "totalUpper": {
                  "type": "number",
                  "example": 15
                },
                "seat": {
                  "type": "array",
                  "items": {
                    "type": "object",
                    "properties": {
                      "seatNo": {
                        "type": "string",
                        "example": "sle.0"
                      },
                      "type": {
                        "type": "string",
                        "example": "sleeper"
                      },
                      "price": {
                        "type": "number",
                        "example": 1000
                      },
                      "isBooked": {
                        "type": "boolean",
                        "example": false
                      },
                      "_id": {
                        "type": "string",
                        "example": "62fe14a43628f8dd1abc4c9e"
                      }
                    }
                  }
                }
              }
            }
          }
        },
        "xml": {
          "name": "GetTripsListResponse"
        }
      },
      "GetTripStatusResponse": {
        "type": "object",
        "properties": {
          "message": {
            "type": "object",
            "properties": {
              "isFull": {
                "type": "boolean",
                "example": false
              },
              "totalSeats": {
                "type": "number",
                "example": 30
              },
              "bookedSeats": {
                "type": "number",
                "example": 2
              },
              "startDate": {
                "type": "string",
                "example": "2022-08-23T13:00:00.000Z"
              }
            }
          }
        },
        "xml": {
          "name": "GetTripStatusResponse"
        }
      },
      "GetBookingResponse": {
        "type": "object",
        "properties": {
          "booking": {
            "type": "object",
            "properties": {
              "_id": {
                "type": "string",
                "example": "62fdd2f1fd4efd6f4ae3d9d5"
              },
              "busId": {
                "type": "string",
                "example": "62fdcfb1c63f685484f8d8ec"
              },
              "userId": {
                "type": "string",
                "example": "62fdd03ec63f685484f8d92f"
              },
              "tripId": {
                "type": "string",
                "example": "62fdd01cc63f685484f8d90e"
              },
              "name": {
                "type": "string",
                "example": "ABC"
              },
              "registrationNumber": {
                "type": "string",
                "example": "TN20uU05021"
              },
              "noOfBookedSeats": {
                "type": "number",
                "example": 2
              },
              "seatNo": {
                "type": "array",
                "example": [],
                "items": {}
              },
              "type": {
                "type": "string",
                "example": "upper"
              },
              "totalFair": {
                "type": "number",
                "example": 1800
              },
              "passangerNames": {
                "type": "array",
                "example": [],
                "items": {}
              },
              "gender": {
                "type": "array",
                "example": [],
                "items": {}
              },
              "age": {
                "type": "array",
                "example": [],
                "items": {}
              },
              "status": {
                "type": "string",
                "example": "booked"
              },
              "travellingDate": {
                "type": "string",
                "example": "2022-08-19T13:00:00.000Z"
              },
              "bookedDate": {
                "type": "string",
                "example": "2022-08-18T05:49:37.856Z"
              },
              "__v": {
                "type": "number",
                "example": 0
              }
            }
          }
        },
        "xml": {
          "name": "GetBookingResponse"
        }
      },
      "GetUserResponse": {
        "type": "object",
        "properties": {
          "user": {
            "type": "object",
            "properties": {
              "_id": {
                "type": "string",
                "example": "62fdd03ec63f685484f8d92f"
              },
              "firstName": {
                "type": "string",
                "example": "harish"
              },
              "lastName": {
                "type": "string",
                "example": "Kumar"
              },
              "email": {
                "type": "string",
                "example": "harish.1@gamil.com"
              },
              "type": {
                "type": "string",
                "example": "customer"
              },
              "bookings": {
                "type": "array",
                "example": [
                  "62fdd2f1fd4efd6f4ae3d9d5",
                  "62fdd304fd4efd6f4ae3d9f9",
                  "62fdd8c0fd4311f8b3ff0956",
                  "62fe36ca05dccd77cf904863"
                ],
                "items": {
                  "type": "string"
                }
              },
              "__v": {
                "type": "number",
                "example": 1
              }
            }
          }
        },
        "xml": {
          "name": "GetUserResponse"
        }
      },
      "GetBookingListResponse": {
        "type": "object",
        "properties": {
          "bookings": {
            "type": "array",
            "items": {
              "type": "object",
              "properties": {
                "_id": {
                  "type": "string",
                  "example": "62fdd2f1fd4efd6f4ae3d9d5"
                },
                "busId": {
                  "type": "string",
                  "example": "62fdcfb1c63f685484f8d8ec"
                },
                "userId": {
                  "type": "string",
                  "example": "62fdd03ec63f685484f8d92f"
                },
                "tripId": {
                  "type": "string",
                  "example": "62fdd01cc63f685484f8d90e"
                },
                "name": {
                  "type": "string",
                  "example": "ABC"
                },
                "registrationNumber": {
                  "type": "string",
                  "example": "TN20uU05021"
                },
                "noOfBookedSeats": {
                  "type": "number",
                  "example": 2
                },
                "seatNo": {
                  "type": "array",
                  "example": [],
                  "items": {}
                },
                "type": {
                  "type": "string",
                  "example": "upper"
                },
                "totalFair": {
                  "type": "number",
                  "example": 1800
                },
                "passangerNames": {
                  "type": "array",
                  "example": [],
                  "items": {}
                },
                "gender": {
                  "type": "array",
                  "example": [],
                  "items": {}
                },
                "age": {
                  "type": "array",
                  "example": [],
                  "items": {}
                },
                "status": {
                  "type": "string",
                  "example": "booked"
                },
                "travellingDate": {
                  "type": "string",
                  "example": "2022-08-19T13:00:00.000Z"
                },
                "bookedDate": {
                  "type": "string",
                  "example": "2022-08-18T05:49:37.856Z"
                },
                "__v": {
                  "type": "number",
                  "example": 0
                }
              }
            }
          }
        },
        "xml": {
          "name": "GetBookingListResponse"
        }
      }
    }
  }
}
